<?xml version="1.0" encoding="ISO-8859-1" ?>
<WorksiteBlock
	xmlns:xsi="http://www.w3.org/2001/XMLSchema-instance"
	xsi:noNamespaceSchemaLocation="http://obo.par.se/itb/schema/WorksiteBlock.xsd"
>

<BlockBaseWorksite dbId="200686583"  parId="1:200686583" systemId="1">
	<Status>
	  <Code>ST10</Code>
	  <Text>Upph&#246;rt f&#246;retag</Text>
	</Status>
	<Name>IKEA Investfast AB</Name>
	<PostalAddress>

		<Address>Hamngatan 37</Address>


		<Zipcode>111 53</Zipcode>

		<City>STOCKHOLM</City>

		<Country>SVERIGE</Country>
	</PostalAddress>
</BlockBaseWorksite>
<BlockBaseCommunication dbId="200686583"  parId="1:200686583" systemId="1">
  <VisitAddress>
	<Address>Hamngatan 37</Address>
	<Zipcode>111 53</Zipcode>
	<City>STOCKHOLM</City>
	<Country>SVERIGE</Country>
  </VisitAddress>
	<Phone>08-216312</Phone>
</BlockBaseCommunication>
<BlockCRMBusiness dbId="200686583" parId="1:200686583" systemId="1">
  <MainBusiness> 
    <Code>HG47430</Code>
    <Text>Radio- &amp; TV-aff&#228;r</Text>
  </MainBusiness>
  <Businesses>
    <Business>
       <Code>SN47430</Code>
       <Text>Radio- &amp; TV-aff&#228;r</Text>
    </Business>
  </Businesses>
</BlockCRMBusiness>
<BlockCRMEconomy dbId="200686583" parId="1:200686583" systemId="1">
	<ShareCapital>
        <Code>AK90</Code> 
		<Text>2000 - 9999 tkr</Text>
		<Value>5574</Value>
		<Start>200909</Start>
		<End>201008</End>
	</ShareCapital>
	<Turnover>
        <Code>OM00</Code>
		<Text>0 tkr</Text>
		<Value>0</Value>
		<Start>200909</Start>
		<End>201008</End>
	</Turnover>
</BlockCRMEconomy>
<BlockCRMGeography dbId="200686583" parId="1:200686583" systemId="1">
	<Zipcode>111 53</Zipcode>
	<City>STOCKHOLM</City>
	<Municipality>
          <Code>0180</Code>
          <Text>Stockholm</Text>
        </Municipality>
	<County>
          <Code>01</Code>
          <Text>Stockholm</Text>
        </County>
	<WorkforceRegion>
          <Code>01</Code>
          <Text>Stockholm/S&#246;dert&#228;lje</Text>
        </WorkforceRegion>
	<BrickCode>
          <Code>73</Code>
          <Text>Stockholm V&#228;ster</Text>
        </BrickCode>
	<Country>
          <Code>SE</Code>
          <Text>SVERIGE</Text>
        </Country>
</BlockCRMGeography>
<BlockCRMOrganization dbId="200686583" parId="1:200686583" systemId="1">
    <OfficialWorksiteNumber>26326751</OfficialWorksiteNumber>
	<WorksiteType>
          <Code>TY20</Code>
          <Text>Filial</Text>
   </WorksiteType>
	<CompanyNumber>556409-4596</CompanyNumber>
	<VatNo>SE556409459601</VatNo>
	<LegalName>IKEA Investfast AB</LegalName>
	<LegalForm>
          <Code>JF49</Code>
          <Text>Aktiebolag</Text>
        </LegalForm>
	<CompanyType>
          <Code>TY50</Code>
          <Text>Privat</Text>
   </CompanyType>
</BlockCRMOrganization>
<BlockCRMSize dbId="200686583" parId="1:200686583" systemId="1">
	<NumberOfEmployees>
          <Code>AA00</Code>
          <Text>0</Text>
        </NumberOfEmployees>
	<NumberOfOfficeEmployees>
          <Code>KA99</Code>
          <Text>Ok&#228;nt</Text>
        </NumberOfOfficeEmployees>
	<CompanyNumberOfWorksites>9</CompanyNumberOfWorksites>
	<CompanyNumberOfEmployees>
          <Code>AA00</Code>
          <Text>0</Text>
        </CompanyNumberOfEmployees>
	<CompanyNumberOfOfficeEmployees>
          <Code>KA99</Code>
          <Text>Ok&#228;nt</Text>
        </CompanyNumberOfOfficeEmployees>
</BlockCRMSize>
<BlockCRMGroup dbId="200686583" parId="1:200686583" systemId="1">
	<CompanyNumber>3330230792</CompanyNumber>
	<CompanyName>Ingka Holding BV</CompanyName>
        <Country>NL</Country>
</BlockCRMGroup>
</WorksiteBlock>