<?xml version="1.0" encoding="ISO-8859-1" ?>
<ContactBlock
	xmlns:xsi="http://www.w3.org/2001/XMLSchema-instance"
	xsi:noNamespaceSchemaLocation="http://obo.par.se/itb/schema/ContactBlock.xsd"
>
<BlockBaseContact dbId="400310718"  parId="1:400310718" systemId="1">

	<PersonDbId>300310718</PersonDbId>

	<Gender>
          <Code>SX10</Code>
          <Text>Man</Text>
        </Gender>
	<Language>
          <Code>LASV</Code>
          <Text>Svenska</Text>
        </Language>
        <FirstName>Rickard</FirstName>
	<LastName>Bjurs&#229;ker</LastName>
	
	<Status>
          <Code>ST10</Code>
          <Text>Upph&#246;rt f&#246;retag</Text>
        </Status>
	<PersonStatus>
          <Code>ST00</Code>
          <Text>Aktiv</Text>
        </PersonStatus>
<WorksiteDbId>200686583</WorksiteDbId>
</BlockBaseContact>
<BlockCRMPosition dbId="400310718"  parId="1:400310718" systemId="1">

  <MainPosition>
     <Code>BE13200</Code>
     <Text>Plats-, filialchef /-ansvarig</Text>
  </MainPosition>

  <Positions>
  <Position>
    <Code>BE13200</Code>
    <Text>Plats-, filialchef /-ansvarig</Text>
   </Position>
  </Positions>
</BlockCRMPosition>
</ContactBlock>